Dutch lesson,01-05-2022,123,No message found
Dutch lesson,02-05-2022,123,No message found
Dutch lesson,06-05-2022,123,No message found
Dutch lesson,15-05-2022,123,No message found
Dutch lesson,17-05-2022,123,No message found
Chinese lesson,02-05-2022,123,No message found
Chinese lesson,03-05-2022,123,No message found
Chinese lesson,05-05-2022,123,No message found
Chinese lesson,08-05-2022,123,No message found
Chinese lesson,11-05-2022,123,No message found
Gym workout,24-05-2022,123,No message found
Gym workout,26-05-2022,123,No message found
Gym workout,28-05-2022,123,No message found
Gym workout,29-05-2022,123,No message found
Gym workout,31-05-2022,123,No message found
Afternoon drinks,09-05-2022,123,No message found
Afternoon drinks,17-08-2022,123,No message found
Afternoon drinks,19-08-2022,123,No message found
Afternoon drinks,30-08-2022,123,No message found
Afternoon drinks,21-08-2022,123,No message found
Afternoon drinks,20-08-2022,123,No message found
Afternoon drinks,02-08-2022,123,No message found
Sleepover,01-08-2022,123,No message found
Sleepover,03-08-2022,123,No message found
Sleepover,05-08-2022,123,No message found
Sleepover,08-08-2022,123,No message found
Sleepover,11-08-2022,123,No message found
